ID	msisensorpro	reference_result
V0001	29.27	1
V0002	30.51	1
V0003	27.6	1
V0004	31.89	1
V0005	24.86	1
V0006	5.24	1
V0007	26.29	1
V0008	30.25	1
V0009	17.77	1
V0010	5.31	-1
V0011	3.77	-1
V0012	4.56	-1
V0013	1.97	-1
V0014	1.87	-1
V0015	1.55	-1
V0016	2.34	-1
V0017	6.13	-1
S0001	35.53	
S0002	35.42	
S0003	35.37	
S0004	34.49	
S0005	33.62	
S0006	32.03	
S0007	30.89	
S0008	30.24	
S0009	29.37	
S0010	28.48	
S0011	28.1	
S0012	27.69	
S0013	27.56	
S0014	26.2	
S0015	25.54	
S0016	24.54	
S0017	22.99	
S0018	21.15	
S0019	20.04	
S0020	19.85	
S0021	19.8	
S0022	19.56	
S0023	18.99	
S0024	18.89	
S0025	18.55	
S0026	18.45	
S0027	18.26	
S0028	18.19	
S0029	17.95	
S0030	17.13	
S0031	16.67	
S0032	16.4	
S0033	16.25	
S0034	16.2	
S0035	15.73	
S0036	15.62	
S0037	15.38	
S0038	15.32	
S0039	15.32	
S0040	15.2	
S0041	15.11	
S0042	15.08	
S0043	15.08	
S0044	15.01	
S0045	14.95	
S0046	14.9	
S0047	14.8	
S0048	14.71	
S0049	14.57	
S0050	14.43	
S0051	14.42	
S0052	14.32	
S0053	14.25	
S0054	14.24	
S0055	14.16	
S0056	13.75	
S0057	13.53	
S0058	13.51	
S0059	13.18	
S0060	13.06	
S0061	13.02	
S0062	12.98	
S0063	12.8	
S0064	12.76	
S0065	12.75	
S0066	12.67	
S0067	12.58	
S0068	12.46	
S0069	12.31	
S0070	12.18	
S0071	11.97	
S0072	11.45	
S0073	11.43	
S0074	11.39	
S0075	11.14	
S0076	11.07	
S0077	10.94	
S0078	10.91	
S0079	10.68	
S0080	10.66	
S0081	10.58	
S0082	10.57	
S0083	10.5	
S0084	10.47	
S0085	10.44	
S0086	10.44	
S0087	10.41	
S0088	10.36	
S0089	10.26	
S0090	10.23	
S0091	10.13	
S0092	10.07	
S0093	9.94	
S0094	9.85	
S0095	9.75	
S0096	9.73	
S0097	9.73	
S0098	9.61	
S0099	9.56	
S0100	9.54	
S0101	9.5	
S0102	9.49	
S0103	9.48	
S0104	9.39	
S0105	9.37	
S0106	9.33	
S0107	9.25	
S0108	9.2	
S0109	9.17	
S0110	9.13	
S0111	9.05	
S0112	9.02	
S0113	8.95	
S0114	8.91	
S0115	8.88	
S0116	8.82	
S0117	8.66	
S0118	8.63	
S0119	8.6	
S0120	8.49	
S0121	8.49	
S0122	8.45	
S0123	8.44	
S0124	8.28	
S0125	8.26	
S0126	8.24	
S0127	8.06	
S0128	8.06	
S0129	8.05	
S0130	8.04	
S0131	8.01	
S0132	7.97	
S0133	7.91	
S0134	7.91	
S0135	7.9	
S0136	7.89	
S0137	7.85	
S0138	7.78	
S0139	7.75	
S0140	7.75	
S0141	7.69	
S0142	7.67	
S0143	7.67	
S0144	7.66	
S0145	7.63	
S0146	7.61	
S0147	7.57	
S0148	7.51	
S0149	7.5	
S0150	7.47	
S0151	7.42	
S0152	7.41	
S0153	7.38	
S0154	7.37	
S0155	7.32	
S0156	7.27	
S0157	7.26	
S0158	7.24	
S0159	7.13	
S0160	7.13	
S0161	7.06	
S0162	7.06	
S0163	7.02	
S0164	7.01	
S0165	7.01	
S0166	7	
S0167	6.98	
S0168	6.95	
S0169	6.9	
S0170	6.86	
S0171	6.86	
S0172	6.73	
S0173	6.7	
S0174	6.66	
S0175	6.64	
S0176	6.61	
S0177	6.59	
S0178	6.57	
S0179	6.57	
S0180	6.56	
S0181	6.56	
S0182	6.51	
S0183	6.5	
S0184	6.48	
S0185	6.46	
S0186	6.45	
S0187	6.41	
S0188	6.39	
S0189	6.37	
S0190	6.37	
S0191	6.36	
S0192	6.36	
S0193	6.35	
S0194	6.31	
S0195	6.29	
S0196	6.22	
S0197	6.21	
S0198	6.18	
S0199	6.16	
S0200	6.13	
S0201	6.11	
S0202	6.09	
S0203	6.03	
S0204	6	
S0205	5.99	
S0206	5.92	
S0207	5.89	
S0208	5.87	
S0209	5.86	
S0210	5.86	
S0211	5.79	
S0212	5.78	
S0213	5.78	
S0214	5.74	
S0215	5.72	
S0216	5.69	
S0217	5.64	
S0218	5.62	
S0219	5.62	
S0220	5.61	
S0221	5.59	
S0222	5.57	
S0223	5.57	
S0224	5.57	
S0225	5.56	
S0226	5.56	
S0227	5.54	
S0228	5.53	
S0229	5.53	
S0230	5.53	
S0231	5.52	
S0232	5.52	
S0233	5.52	
S0234	5.51	
S0235	5.49	
S0236	5.48	
S0237	5.47	
S0238	5.47	
S0239	5.46	
S0240	5.45	
S0241	5.44	
S0242	5.43	
S0243	5.43	
S0244	5.42	
S0245	5.42	
S0246	5.4	
S0247	5.39	
S0248	5.39	
S0249	5.39	
S0250	5.39	
S0251	5.39	
S0252	5.38	
S0253	5.37	
S0254	5.37	
S0255	5.35	
S0256	5.35	
S0257	5.34	
S0258	5.34	
S0259	5.33	
S0260	5.31	
S0261	5.27	
S0262	5.27	
S0263	5.26	
S0264	5.26	
S0265	5.26	
S0266	5.25	
S0267	5.25	
S0268	5.24	
S0269	5.23	
S0270	5.21	
S0271	5.2	
S0272	5.2	
S0273	5.2	
S0274	5.19	
S0275	5.19	
S0276	5.18	
S0277	5.17	
S0278	5.17	
S0279	5.15	
S0280	5.14	
S0281	5.14	
S0282	5.14	
S0283	5.14	
S0284	5.14	
S0285	5.14	
S0286	5.13	
S0287	5.13	
S0288	5.12	
S0289	5.11	
S0290	5.11	
S0291	5.1	
S0292	5.1	
S0293	5.1	
S0294	5.09	
S0295	5.05	
S0296	5.03	
S0297	5.01	
S0298	5.01	
S0299	5.01	
S0300	5	
S0301	4.99	
S0302	4.97	
S0303	4.97	
S0304	4.96	
S0305	4.96	
S0306	4.95	
S0307	4.95	
S0308	4.95	
S0309	4.95	
S0310	4.95	
S0311	4.93	
S0312	4.92	
S0313	4.92	
S0314	4.92	
S0315	4.91	
S0316	4.91	
S0317	4.9	
S0318	4.9	
S0319	4.89	
S0320	4.89	
S0321	4.89	
S0322	4.89	
S0323	4.88	
S0324	4.87	
S0325	4.87	
S0326	4.86	
S0327	4.85	
S0328	4.84	
S0329	4.84	
S0330	4.82	
S0331	4.82	
S0332	4.81	
S0333	4.81	
S0334	4.8	
S0335	4.8	
S0336	4.79	
S0337	4.79	
S0338	4.77	
S0339	4.76	
S0340	4.76	
S0341	4.75	
S0342	4.75	
S0343	4.75	
S0344	4.74	
S0345	4.74	
S0346	4.74	
S0347	4.74	
S0348	4.73	
S0349	4.73	
S0350	4.72	
S0351	4.72	
S0352	4.71	
S0353	4.71	
S0354	4.7	
S0355	4.69	
S0356	4.69	
S0357	4.69	
S0358	4.67	
S0359	4.67	
S0360	4.67	
S0361	4.67	
S0362	4.66	
S0363	4.66	
S0364	4.66	
S0365	4.65	
S0366	4.65	
S0367	4.65	
S0368	4.64	
S0369	4.64	
S0370	4.63	
S0371	4.62	
S0372	4.61	
S0373	4.6	
S0374	4.6	
S0375	4.6	
S0376	4.57	
S0377	4.56	
S0378	4.56	
S0379	4.55	
S0380	4.55	
S0381	4.54	
S0382	4.53	
S0383	4.53	
S0384	4.53	
S0385	4.52	
S0386	4.52	
S0387	4.51	
S0388	4.5	
S0389	4.49	
S0390	4.48	
S0391	4.48	
S0392	4.48	
S0393	4.48	
S0394	4.47	
S0395	4.47	
S0396	4.46	
S0397	4.45	
S0398	4.45	
S0399	4.45	
S0400	4.43	
S0401	4.42	
S0402	4.42	
S0403	4.41	
S0404	4.41	
S0405	4.41	
S0406	4.41	
S0407	4.4	
S0408	4.4	
S0409	4.39	
S0410	4.39	
S0411	4.39	
S0412	4.38	
S0413	4.38	
S0414	4.38	
S0415	4.37	
S0416	4.37	
S0417	4.36	
S0418	4.35	
S0419	4.34	
S0420	4.34	
S0421	4.33	
S0422	4.32	
S0423	4.31	
S0424	4.31	
S0425	4.31	
S0426	4.31	
S0427	4.3	
S0428	4.3	
S0429	4.3	
S0430	4.3	
S0431	4.29	
S0432	4.29	
S0433	4.28	
S0434	4.28	
S0435	4.27	
S0436	4.27	
S0437	4.27	
S0438	4.26	
S0439	4.26	
S0440	4.25	
S0441	4.23	
S0442	4.23	
S0443	4.23	
S0444	4.22	
S0445	4.22	
S0446	4.21	
S0447	4.21	
S0448	4.2	
S0449	4.18	
S0450	4.17	
S0451	4.16	
S0452	4.16	
S0453	4.16	
S0454	4.13	
S0455	4.11	
S0456	4.11	
S0457	4.11	
S0458	4.11	
S0459	4.11	
S0460	4.1	
S0461	4.1	
S0462	4.09	
S0463	4.09	
S0464	4.07	
S0465	4.07	
S0466	4.07	
S0467	4.07	
S0468	4.06	
S0469	4.06	
S0470	4.06	
S0471	4.05	
S0472	4.05	
S0473	4.05	
S0474	4.04	
S0475	4.03	
S0476	4.03	
S0477	4.02	
S0478	4.01	
S0479	4	
S0480	3.99	
S0481	3.98	
S0482	3.98	
S0483	3.98	
S0484	3.98	
S0485	3.97	
S0486	3.97	
S0487	3.97	
S0488	3.97	
S0489	3.97	
S0490	3.96	
S0491	3.96	
S0492	3.96	
S0493	3.96	
S0494	3.96	
S0495	3.96	
S0496	3.95	
S0497	3.93	
S0498	3.92	
S0499	3.91	
S0500	3.91	
S0501	3.91	
S0502	3.9	
S0503	3.9	
S0504	3.89	
S0505	3.89	
S0506	3.88	
S0507	3.88	
S0508	3.88	
S0509	3.88	
S0510	3.88	
S0511	3.87	
S0512	3.87	
S0513	3.86	
S0514	3.86	
S0515	3.85	
S0516	3.85	
S0517	3.85	
S0518	3.85	
S0519	3.84	
S0520	3.83	
S0521	3.82	
S0522	3.82	
S0523	3.82	
S0524	3.81	
S0525	3.81	
S0526	3.8	
S0527	3.8	
S0528	3.8	
S0529	3.79	
S0530	3.79	
S0531	3.79	
S0532	3.79	
S0533	3.79	
S0534	3.78	
S0535	3.77	
S0536	3.77	
S0537	3.77	
S0538	3.77	
S0539	3.76	
S0540	3.76	
S0541	3.75	
S0542	3.74	
S0543	3.74	
S0544	3.74	
S0545	3.73	
S0546	3.73	
S0547	3.72	
S0548	3.72	
S0549	3.71	
S0550	3.71	
S0551	3.71	
S0552	3.7	
S0553	3.7	
S0554	3.7	
S0555	3.7	
S0556	3.69	
S0557	3.69	
S0558	3.69	
S0559	3.68	
S0560	3.68	
S0561	3.68	
S0562	3.67	
S0563	3.67	
S0564	3.67	
S0565	3.66	
S0566	3.66	
S0567	3.66	
S0568	3.66	
S0569	3.65	
S0570	3.65	
S0571	3.65	
S0572	3.65	
S0573	3.65	
S0574	3.64	
S0575	3.64	
S0576	3.64	
S0577	3.63	
S0578	3.63	
S0579	3.62	
S0580	3.62	
S0581	3.62	
S0582	3.62	
S0583	3.62	
S0584	3.62	
S0585	3.6	
S0586	3.6	
S0587	3.6	
S0588	3.6	
S0589	3.59	
S0590	3.59	
S0591	3.59	
S0592	3.59	
S0593	3.58	
S0594	3.58	
S0595	3.58	
S0596	3.57	
S0597	3.57	
S0598	3.57	
S0599	3.57	
S0600	3.57	
S0601	3.57	
S0602	3.57	
S0603	3.57	
S0604	3.56	
S0605	3.56	
S0606	3.56	
S0607	3.55	
S0608	3.55	
S0609	3.54	
S0610	3.54	
S0611	3.54	
S0612	3.54	
S0613	3.53	
S0614	3.53	
S0615	3.53	
S0616	3.53	
S0617	3.52	
S0618	3.52	
S0619	3.52	
S0620	3.52	
S0621	3.51	
S0622	3.51	
S0623	3.51	
S0624	3.5	
S0625	3.5	
S0626	3.5	
S0627	3.5	
S0628	3.5	
S0629	3.5	
S0630	3.49	
S0631	3.49	
S0632	3.49	
S0633	3.48	
S0634	3.48	
S0635	3.48	
S0636	3.48	
S0637	3.48	
S0638	3.47	
S0639	3.47	
S0640	3.47	
S0641	3.47	
S0642	3.46	
S0643	3.46	
S0644	3.46	
S0645	3.46	
S0646	3.46	
S0647	3.45	
S0648	3.44	
S0649	3.44	
S0650	3.44	
S0651	3.44	
S0652	3.44	
S0653	3.44	
S0654	3.43	
S0655	3.43	
S0656	3.43	
S0657	3.43	
S0658	3.41	
S0659	3.41	
S0660	3.41	
S0661	3.4	
S0662	3.4	
S0663	3.4	
S0664	3.4	
S0665	3.4	
S0666	3.39	
S0667	3.39	
S0668	3.39	
S0669	3.38	
S0670	3.38	
S0671	3.38	
S0672	3.38	
S0673	3.38	
S0674	3.38	
S0675	3.38	
S0676	3.37	
S0677	3.37	
S0678	3.35	
S0679	3.35	
S0680	3.35	
S0681	3.35	
S0682	3.35	
S0683	3.34	
S0684	3.33	
S0685	3.33	
S0686	3.33	
S0687	3.33	
S0688	3.33	
S0689	3.31	
S0690	3.31	
S0691	3.31	
S0692	3.31	
S0693	3.3	
S0694	3.3	
S0695	3.3	
S0696	3.29	
S0697	3.29	
S0698	3.29	
S0699	3.29	
S0700	3.28	
S0701	3.28	
S0702	3.27	
S0703	3.26	
S0704	3.26	
S0705	3.26	
S0706	3.25	
S0707	3.24	
S0708	3.24	
S0709	3.24	
S0710	3.23	
S0711	3.23	
S0712	3.23	
S0713	3.23	
S0714	3.22	
S0715	3.21	
S0716	3.2	
S0717	3.19	
S0718	3.19	
S0719	3.19	
S0720	3.18	
S0721	3.18	
S0722	3.18	
S0723	3.18	
S0724	3.17	
S0725	3.16	
S0726	3.16	
S0727	3.15	
S0728	3.15	
S0729	3.15	
S0730	3.15	
S0731	3.15	
S0732	3.14	
S0733	3.14	
S0734	3.14	
S0735	3.14	
S0736	3.13	
S0737	3.13	
S0738	3.12	
S0739	3.12	
S0740	3.12	
S0741	3.12	
S0742	3.12	
S0743	3.11	
S0744	3.11	
S0745	3.1	
S0746	3.1	
S0747	3.1	
S0748	3.1	
S0749	3.09	
S0750	3.09	
S0751	3.08	
S0752	3.08	
S0753	3.08	
S0754	3.07	
S0755	3.07	
S0756	3.07	
S0757	3.07	
S0758	3.06	
S0759	3.06	
S0760	3.05	
S0761	3.05	
S0762	3.05	
S0763	3.05	
S0764	3.05	
S0765	3.04	
S0766	3.04	
S0767	3.04	
S0768	3.04	
S0769	3.03	
S0770	3.03	
S0771	3.02	
S0772	3.02	
S0773	3.01	
S0774	3.01	
S0775	3.01	
S0776	3.01	
S0777	3	
S0778	3	
S0779	3	
S0780	2.99	
S0781	2.98	
S0782	2.98	
S0783	2.98	
S0784	2.98	
S0785	2.98	
S0786	2.97	
S0787	2.97	
S0788	2.96	
S0789	2.96	
S0790	2.95	
S0791	2.95	
S0792	2.95	
S0793	2.95	
S0794	2.94	
S0795	2.94	
S0796	2.94	
S0797	2.93	
S0798	2.93	
S0799	2.93	
S0800	2.92	
S0801	2.92	
S0802	2.92	
S0803	2.91	
S0804	2.91	
S0805	2.9	
S0806	2.9	
S0807	2.89	
S0808	2.89	
S0809	2.89	
S0810	2.89	
S0811	2.89	
S0812	2.89	
S0813	2.89	
S0814	2.89	
S0815	2.89	
S0816	2.88	
S0817	2.88	
S0818	2.87	
S0819	2.87	
S0820	2.87	
S0821	2.87	
S0822	2.87	
S0823	2.87	
S0824	2.87	
S0825	2.86	
S0826	2.86	
S0827	2.86	
S0828	2.86	
S0829	2.86	
S0830	2.85	
S0831	2.85	
S0832	2.84	
S0833	2.83	
S0834	2.83	
S0835	2.83	
S0836	2.83	
S0837	2.83	
S0838	2.82	
S0839	2.82	
S0840	2.82	
S0841	2.81	
S0842	2.8	
S0843	2.8	
S0844	2.8	
S0845	2.8	
S0846	2.8	
S0847	2.8	
S0848	2.8	
S0849	2.8	
S0850	2.79	
S0851	2.79	
S0852	2.79	
S0853	2.79	
S0854	2.79	
S0855	2.79	
S0856	2.78	
S0857	2.77	
S0858	2.77	
S0859	2.76	
S0860	2.76	
S0861	2.75	
S0862	2.75	
S0863	2.75	
S0864	2.75	
S0865	2.73	
S0866	2.73	
S0867	2.73	
S0868	2.72	
S0869	2.72	
S0870	2.72	
S0871	2.72	
S0872	2.72	
S0873	2.72	
S0874	2.71	
S0875	2.71	
S0876	2.71	
S0877	2.7	
S0878	2.7	
S0879	2.7	
S0880	2.7	
S0881	2.7	
S0882	2.69	
S0883	2.69	
S0884	2.69	
S0885	2.69	
S0886	2.69	
S0887	2.68	
S0888	2.68	
S0889	2.68	
S0890	2.68	
S0891	2.68	
S0892	2.67	
S0893	2.67	
S0894	2.67	
S0895	2.67	
S0896	2.67	
S0897	2.67	
S0898	2.67	
S0899	2.67	
S0900	2.66	
S0901	2.66	
S0902	2.66	
S0903	2.66	
S0904	2.66	
S0905	2.65	
S0906	2.65	
S0907	2.65	
S0908	2.64	
S0909	2.64	
S0910	2.64	
S0911	2.64	
S0912	2.64	
S0913	2.64	
S0914	2.64	
S0915	2.63	
S0916	2.62	
S0917	2.62	
S0918	2.62	
S0919	2.62	
S0920	2.62	
S0921	2.61	
S0922	2.61	
S0923	2.61	
S0924	2.61	
S0925	2.6	
S0926	2.6	
S0927	2.6	
S0928	2.6	
S0929	2.59	
S0930	2.59	
S0931	2.59	
S0932	2.59	
S0933	2.59	
S0934	2.59	
S0935	2.58	
S0936	2.58	
S0937	2.57	
S0938	2.57	
S0939	2.57	
S0940	2.57	
S0941	2.57	
S0942	2.56	
S0943	2.56	
S0944	2.56	
S0945	2.56	
S0946	2.56	
S0947	2.56	
S0948	2.55	
S0949	2.55	
S0950	2.55	
S0951	2.54	
S0952	2.54	
S0953	2.53	
S0954	2.53	
S0955	2.53	
S0956	2.52	
S0957	2.52	
S0958	2.52	
S0959	2.52	
S0960	2.52	
S0961	2.52	
S0962	2.51	
S0963	2.51	
S0964	2.51	
S0965	2.51	
S0966	2.51	
S0967	2.51	
S0968	2.5	
S0969	2.5	
S0970	2.5	
S0971	2.5	
S0972	2.5	
S0973	2.5	
S0974	2.49	
S0975	2.49	
S0976	2.49	
S0977	2.49	
S0978	2.49	
S0979	2.49	
S0980	2.49	
S0981	2.49	
S0982	2.49	
S0983	2.49	
S0984	2.48	
S0985	2.47	
S0986	2.47	
S0987	2.47	
S0988	2.46	
S0989	2.46	
S0990	2.46	
S0991	2.46	
S0992	2.46	
S0993	2.45	
S0994	2.45	
S0995	2.44	
S0996	2.44	
S0997	2.44	
S0998	2.44	
S0999	2.44	
S1000	2.44	
S1001	2.44	
S1002	2.43	
S1003	2.43	
S1004	2.42	
S1005	2.42	
S1006	2.42	
S1007	2.42	
S1008	2.42	
S1009	2.41	
S1010	2.4	
S1011	2.4	
S1012	2.4	
S1013	2.4	
S1014	2.39	
S1015	2.39	
S1016	2.39	
S1017	2.39	
S1018	2.39	
S1019	2.39	
S1020	2.38	
S1021	2.38	
S1022	2.38	
S1023	2.38	
S1024	2.37	
S1025	2.37	
S1026	2.37	
S1027	2.37	
S1028	2.37	
S1029	2.37	
S1030	2.36	
S1031	2.36	
S1032	2.36	
S1033	2.36	
S1034	2.36	
S1035	2.35	
S1036	2.35	
S1037	2.35	
S1038	2.35	
S1039	2.34	
S1040	2.34	
S1041	2.33	
S1042	2.33	
S1043	2.33	
S1044	2.32	
S1045	2.32	
S1046	2.32	
S1047	2.31	
S1048	2.31	
S1049	2.31	
S1050	2.31	
S1051	2.31	
S1052	2.31	
S1053	2.3	
S1054	2.3	
S1055	2.3	
S1056	2.29	
S1057	2.29	
S1058	2.29	
S1059	2.29	
S1060	2.29	
S1061	2.29	
S1062	2.29	
S1063	2.28	
S1064	2.28	
S1065	2.28	
S1066	2.28	
S1067	2.28	
S1068	2.28	
S1069	2.27	
S1070	2.27	
S1071	2.27	
S1072	2.27	
S1073	2.27	
S1074	2.26	
S1075	2.26	
S1076	2.26	
S1077	2.25	
S1078	2.25	
S1079	2.25	
S1080	2.24	
S1081	2.24	
S1082	2.23	
S1083	2.23	
S1084	2.23	
S1085	2.23	
S1086	2.23	
S1087	2.23	
S1088	2.23	
S1089	2.23	
S1090	2.22	
S1091	2.22	
S1092	2.22	
S1093	2.22	
S1094	2.22	
S1095	2.22	
S1096	2.22	
S1097	2.21	
S1098	2.21	
S1099	2.21	
S1100	2.2	
S1101	2.2	
S1102	2.2	
S1103	2.2	
S1104	2.2	
S1105	2.19	
S1106	2.19	
S1107	2.19	
S1108	2.18	
S1109	2.18	
S1110	2.18	
S1111	2.18	
S1112	2.18	
S1113	2.18	
S1114	2.18	
S1115	2.17	
S1116	2.17	
S1117	2.17	
S1118	2.17	
S1119	2.16	
S1120	2.15	
S1121	2.15	
S1122	2.15	
S1123	2.15	
S1124	2.14	
S1125	2.14	
S1126	2.14	
S1127	2.14	
S1128	2.13	
S1129	2.13	
S1130	2.13	
S1131	2.12	
S1132	2.12	
S1133	2.12	
S1134	2.12	
S1135	2.12	
S1136	2.12	
S1137	2.12	
S1138	2.11	
S1139	2.11	
S1140	2.11	
S1141	2.1	
S1142	2.1	
S1143	2.1	
S1144	2.09	
S1145	2.09	
S1146	2.09	
S1147	2.08	
S1148	2.08	
S1149	2.08	
S1150	2.08	
S1151	2.08	
S1152	2.08	
S1153	2.07	
S1154	2.07	
S1155	2.07	
S1156	2.07	
S1157	2.07	
S1158	2.07	
S1159	2.07	
S1160	2.07	
S1161	2.07	
S1162	2.07	
S1163	2.07	
S1164	2.06	
S1165	2.06	
S1166	2.06	
S1167	2.06	
S1168	2.06	
S1169	2.06	
S1170	2.06	
S1171	2.05	
S1172	2.05	
S1173	2.05	
S1174	2.04	
S1175	2.04	
S1176	2.03	
S1177	2.03	
S1178	2.03	
S1179	2.03	
S1180	2.03	
S1181	2.03	
S1182	2.03	
S1183	2.03	
S1184	2.02	
S1185	2.02	
S1186	2.02	
S1187	2.02	
S1188	2.02	
S1189	2.02	
S1190	2.01	
S1191	2.01	
S1192	2.01	
S1193	2.01	
S1194	2	
S1195	2	
S1196	2	
S1197	2	
S1198	2	
S1199	2	
S1200	2	
S1201	2	
S1202	2	
S1203	2	
S1204	2	
S1205	1.99	
S1206	1.99	
S1207	1.99	
S1208	1.99	
S1209	1.98	
S1210	1.97	
S1211	1.97	
S1212	1.97	
S1213	1.96	
S1214	1.96	
S1215	1.96	
S1216	1.96	
S1217	1.96	
S1218	1.96	
S1219	1.96	
S1220	1.96	
S1221	1.96	
S1222	1.96	
S1223	1.95	
S1224	1.95	
S1225	1.95	
S1226	1.95	
S1227	1.94	
S1228	1.94	
S1229	1.94	
S1230	1.94	
S1231	1.94	
S1232	1.94	
S1233	1.94	
S1234	1.93	
S1235	1.93	
S1236	1.92	
S1237	1.92	
S1238	1.92	
S1239	1.92	
S1240	1.92	
S1241	1.92	
S1242	1.91	
S1243	1.91	
S1244	1.91	
S1245	1.91	
S1246	1.91	
S1247	1.91	
S1248	1.91	
S1249	1.9	
S1250	1.9	
S1251	1.9	
S1252	1.9	
S1253	1.9	
S1254	1.89	
S1255	1.88	
S1256	1.88	
S1257	1.87	
S1258	1.87	
S1259	1.87	
S1260	1.87	
S1261	1.87	
S1262	1.87	
S1263	1.87	
S1264	1.86	
S1265	1.86	
S1266	1.86	
S1267	1.85	
S1268	1.85	
S1269	1.85	
S1270	1.85	
S1271	1.84	
S1272	1.84	
S1273	1.84	
S1274	1.84	
S1275	1.84	
S1276	1.84	
S1277	1.84	
S1278	1.84	
S1279	1.84	
S1280	1.84	
S1281	1.84	
S1282	1.84	
S1283	1.83	
S1284	1.83	
S1285	1.83	
S1286	1.83	
S1287	1.83	
S1288	1.83	
S1289	1.83	
S1290	1.83	
S1291	1.82	
S1292	1.82	
S1293	1.81	
S1294	1.81	
S1295	1.8	
S1296	1.8	
S1297	1.79	
S1298	1.79	
S1299	1.79	
S1300	1.79	
S1301	1.79	
S1302	1.78	
S1303	1.78	
S1304	1.78	
S1305	1.78	
S1306	1.78	
S1307	1.78	
S1308	1.78	
S1309	1.78	
S1310	1.78	
S1311	1.78	
S1312	1.78	
S1313	1.77	
S1314	1.77	
S1315	1.77	
S1316	1.77	
S1317	1.77	
S1318	1.77	
S1319	1.77	
S1320	1.77	
S1321	1.76	
S1322	1.76	
S1323	1.75	
S1324	1.75	
S1325	1.75	
S1326	1.75	
S1327	1.75	
S1328	1.74	
S1329	1.74	
S1330	1.74	
S1331	1.74	
S1332	1.74	
S1333	1.73	
S1334	1.73	
S1335	1.73	
S1336	1.73	
S1337	1.73	
S1338	1.73	
S1339	1.73	
S1340	1.73	
S1341	1.72	
S1342	1.72	
S1343	1.72	
S1344	1.72	
S1345	1.72	
S1346	1.72	
S1347	1.71	
S1348	1.71	
S1349	1.71	
S1350	1.71	
S1351	1.7	
S1352	1.7	
S1353	1.69	
S1354	1.69	
S1355	1.69	
S1356	1.68	
S1357	1.68	
S1358	1.68	
S1359	1.68	
S1360	1.67	
S1361	1.67	
S1362	1.67	
S1363	1.67	
S1364	1.67	
S1365	1.67	
S1366	1.67	
S1367	1.67	
S1368	1.66	
S1369	1.66	
S1370	1.66	
S1371	1.66	
S1372	1.66	
S1373	1.66	
S1374	1.66	
S1375	1.66	
S1376	1.66	
S1377	1.66	
S1378	1.66	
S1379	1.66	
S1380	1.65	
S1381	1.65	
S1382	1.65	
S1383	1.65	
S1384	1.64	
S1385	1.64	
S1386	1.63	
S1387	1.63	
S1388	1.63	
S1389	1.62	
S1390	1.62	
S1391	1.62	
S1392	1.62	
S1393	1.62	
S1394	1.62	
S1395	1.62	
S1396	1.62	
S1397	1.62	
S1398	1.62	
S1399	1.62	
S1400	1.61	
S1401	1.61	
S1402	1.61	
S1403	1.61	
S1404	1.61	
S1405	1.61	
S1406	1.61	
S1407	1.61	
S1408	1.61	
S1409	1.61	
S1410	1.61	
S1411	1.61	
S1412	1.6	
S1413	1.6	
S1414	1.6	
S1415	1.59	
S1416	1.59	
S1417	1.58	
S1418	1.58	
S1419	1.58	
S1420	1.58	
S1421	1.58	
S1422	1.58	
S1423	1.57	
S1424	1.57	
S1425	1.57	
S1426	1.57	
S1427	1.57	
S1428	1.57	
S1429	1.56	
S1430	1.56	
S1431	1.56	
S1432	1.56	
S1433	1.56	
S1434	1.56	
S1435	1.56	
S1436	1.56	
S1437	1.56	
S1438	1.56	
S1439	1.56	
S1440	1.56	
S1441	1.56	
S1442	1.55	
S1443	1.55	
S1444	1.55	
S1445	1.55	
S1446	1.55	
S1447	1.55	
S1448	1.55	
S1449	1.55	
S1450	1.55	
S1451	1.55	
S1452	1.54	
S1453	1.54	
S1454	1.53	
S1455	1.53	
S1456	1.53	
S1457	1.52	
S1458	1.52	
S1459	1.52	
S1460	1.52	
S1461	1.52	
S1462	1.51	
S1463	1.51	
S1464	1.51	
S1465	1.5	
S1466	1.5	
S1467	1.5	
S1468	1.5	
S1469	1.5	
S1470	1.5	
S1471	1.5	
S1472	1.5	
S1473	1.5	
S1474	1.5	
S1475	1.5	
S1476	1.5	
S1477	1.5	
S1478	1.49	
S1479	1.49	
S1480	1.49	
S1481	1.49	
S1482	1.48	
S1483	1.48	
S1484	1.48	
S1485	1.48	
S1486	1.47	
S1487	1.47	
S1488	1.47	
S1489	1.47	
S1490	1.47	
S1491	1.47	
S1492	1.46	
S1493	1.46	
S1494	1.46	
S1495	1.46	
S1496	1.45	
S1497	1.45	
S1498	1.45	
S1499	1.45	
S1500	1.45	
S1501	1.45	
S1502	1.45	
S1503	1.45	
S1504	1.44	
S1505	1.44	
S1506	1.44	
S1507	1.44	
S1508	1.44	
S1509	1.44	
S1510	1.44	
S1511	1.44	
S1512	1.44	
S1513	1.44	
S1514	1.44	
S1515	1.44	
S1516	1.43	
S1517	1.43	
S1518	1.42	
S1519	1.42	
S1520	1.42	
S1521	1.42	
S1522	1.42	
S1523	1.42	
S1524	1.42	
S1525	1.41	
S1526	1.41	
S1527	1.41	
S1528	1.41	
S1529	1.41	
S1530	1.4	
S1531	1.4	
S1532	1.4	
S1533	1.4	
S1534	1.39	
S1535	1.39	
S1536	1.39	
S1537	1.39	
S1538	1.39	
S1539	1.39	
S1540	1.39	
S1541	1.39	
S1542	1.39	
S1543	1.39	
S1544	1.39	
S1545	1.39	
S1546	1.38	
S1547	1.38	
S1548	1.38	
S1549	1.38	
S1550	1.38	
S1551	1.38	
S1552	1.38	
S1553	1.38	
S1554	1.38	
S1555	1.38	
S1556	1.37	
S1557	1.37	
S1558	1.36	
S1559	1.36	
S1560	1.35	
S1561	1.35	
S1562	1.35	
S1563	1.35	
S1564	1.35	
S1565	1.35	
S1566	1.35	
S1567	1.35	
S1568	1.34	
S1569	1.34	
S1570	1.34	
S1571	1.34	
S1572	1.34	
S1573	1.33	
S1574	1.33	
S1575	1.33	
S1576	1.33	
S1577	1.33	
S1578	1.33	
S1579	1.33	
S1580	1.33	
S1581	1.33	
S1582	1.33	
S1583	1.33	
S1584	1.33	
S1585	1.33	
S1586	1.33	
S1587	1.33	
S1588	1.32	
S1589	1.32	
S1590	1.32	
S1591	1.32	
S1592	1.32	
S1593	1.32	
S1594	1.31	
S1595	1.31	
S1596	1.31	
S1597	1.31	
S1598	1.31	
S1599	1.3	
S1600	1.3	
S1601	1.3	
S1602	1.3	
S1603	1.29	
S1604	1.29	
S1605	1.29	
S1606	1.29	
S1607	1.28	
S1608	1.28	
S1609	1.28	
S1610	1.28	
S1611	1.28	
S1612	1.28	
S1613	1.28	
S1614	1.28	
S1615	1.28	
S1616	1.28	
S1617	1.27	
S1618	1.27	
S1619	1.27	
S1620	1.27	
S1621	1.27	
S1622	1.27	
S1623	1.27	
S1624	1.26	
S1625	1.26	
S1626	1.26	
S1627	1.26	
S1628	1.26	
S1629	1.26	
S1630	1.26	
S1631	1.26	
S1632	1.25	
S1633	1.25	
S1634	1.25	
S1635	1.25	
S1636	1.24	
S1637	1.24	
S1638	1.24	
S1639	1.24	
S1640	1.24	
S1641	1.24	
S1642	1.24	
S1643	1.24	
S1644	1.23	
S1645	1.23	
S1646	1.23	
S1647	1.23	
S1648	1.22	
S1649	1.22	
S1650	1.22	
S1651	1.22	
S1652	1.22	
S1653	1.22	
S1654	1.22	
S1655	1.22	
S1656	1.21	
S1657	1.21	
S1658	1.21	
S1659	1.21	
S1660	1.21	
S1661	1.21	
S1662	1.21	
S1663	1.21	
S1664	1.21	
S1665	1.21	
S1666	1.21	
S1667	1.21	
S1668	1.21	
S1669	1.21	
S1670	1.21	
S1671	1.21	
S1672	1.21	
S1673	1.21	
S1674	1.21	
S1675	1.2	
S1676	1.2	
S1677	1.2	
S1678	1.2	
S1679	1.2	
S1680	1.19	
S1681	1.19	
S1682	1.18	
S1683	1.18	
S1684	1.18	
S1685	1.18	
S1686	1.17	
S1687	1.17	
S1688	1.17	
S1689	1.17	
S1690	1.17	
S1691	1.17	
S1692	1.17	
S1693	1.17	
S1694	1.17	
S1695	1.16	
S1696	1.16	
S1697	1.16	
S1698	1.16	
S1699	1.16	
S1700	1.16	
S1701	1.16	
S1702	1.16	
S1703	1.16	
S1704	1.16	
S1705	1.16	
S1706	1.15	
S1707	1.15	
S1708	1.15	
S1709	1.15	
S1710	1.15	
S1711	1.15	
S1712	1.15	
S1713	1.15	
S1714	1.15	
S1715	1.15	
S1716	1.15	
S1717	1.14	
S1718	1.14	
S1719	1.14	
S1720	1.14	
S1721	1.14	
S1722	1.14	
S1723	1.12	
S1724	1.12	
S1725	1.12	
S1726	1.12	
S1727	1.12	
S1728	1.11	
S1729	1.11	
S1730	1.11	
S1731	1.11	
S1732	1.11	
S1733	1.11	
S1734	1.11	
S1735	1.11	
S1736	1.11	
S1737	1.11	
S1738	1.1	
S1739	1.1	
S1740	1.1	
S1741	1.1	
S1742	1.1	
S1743	1.1	
S1744	1.1	
S1745	1.1	
S1746	1.1	
S1747	1.1	
S1748	1.1	
S1749	1.1	
S1750	1.1	
S1751	1.1	
S1752	1.1	
S1753	1.1	
S1754	1.1	
S1755	1.1	
S1756	1.1	
S1757	1.09	
S1758	1.09	
S1759	1.09	
S1760	1.09	
S1761	1.09	
S1762	1.09	
S1763	1.09	
S1764	1.09	
S1765	1.09	
S1766	1.09	
S1767	1.09	
S1768	1.09	
S1769	1.09	
S1770	1.09	
S1771	1.09	
S1772	1.08	
S1773	1.08	
S1774	1.08	
S1775	1.08	
S1776	1.08	
S1777	1.08	
S1778	1.08	
S1779	1.07	
S1780	1.06	
S1781	1.06	
S1782	1.06	
S1783	1.06	
S1784	1.05	
S1785	1.05	
S1786	1.05	
S1787	1.05	
S1788	1.04	
S1789	1.04	
S1790	1.04	
S1791	1.04	
S1792	1.04	
S1793	1.04	
S1794	1.04	
S1795	1.04	
S1796	1.04	
S1797	1.04	
S1798	1.04	
S1799	1.04	
S1800	1.03	
S1801	1.03	
S1802	1.03	
S1803	1.03	
S1804	1.03	
S1805	1.03	
S1806	1.03	
S1807	1.03	
S1808	1.03	
S1809	1.03	
S1810	1.03	
S1811	1.02	
S1812	1.02	
S1813	1.01	
S1814	1.01	
S1815	1	
S1816	1	
S1817	1	
S1818	1	
S1819	1	
S1820	0.99	
S1821	0.99	
S1822	0.99	
S1823	0.99	
S1824	0.99	
S1825	0.99	
S1826	0.99	
S1827	0.99	
S1828	0.99	
S1829	0.99	
S1830	0.99	
S1831	0.99	
S1832	0.98	
S1833	0.98	
S1834	0.98	
S1835	0.98	
S1836	0.98	
S1837	0.98	
S1838	0.98	
S1839	0.98	
S1840	0.98	
S1841	0.98	
S1842	0.98	
S1843	0.98	
S1844	0.98	
S1845	0.98	
S1846	0.97	
S1847	0.97	
S1848	0.97	
S1849	0.97	
S1850	0.97	
S1851	0.97	
S1852	0.97	
S1853	0.97	
S1854	0.97	
S1855	0.97	
S1856	0.97	
S1857	0.97	
S1858	0.95	
S1859	0.95	
S1860	0.95	
S1861	0.95	
S1862	0.94	
S1863	0.94	
S1864	0.94	
S1865	0.93	
S1866	0.93	
S1867	0.93	
S1868	0.93	
S1869	0.93	
S1870	0.93	
S1871	0.93	
S1872	0.92	
S1873	0.92	
S1874	0.92	
S1875	0.92	
S1876	0.92	
S1877	0.92	
S1878	0.92	
S1879	0.92	
S1880	0.92	
S1881	0.92	
S1882	0.92	
S1883	0.92	
S1884	0.92	
S1885	0.92	
S1886	0.92	
S1887	0.92	
S1888	0.91	
S1889	0.91	
S1890	0.91	
S1891	0.91	
S1892	0.91	
S1893	0.91	
S1894	0.91	
S1895	0.89	
S1896	0.89	
S1897	0.89	
S1898	0.89	
S1899	0.88	
S1900	0.88	
S1901	0.87	
S1902	0.87	
S1903	0.87	
S1904	0.87	
S1905	0.87	
S1906	0.87	
S1907	0.87	
S1908	0.87	
S1909	0.87	
S1910	0.87	
S1911	0.87	
S1912	0.86	
S1913	0.86	
S1914	0.86	
S1915	0.86	
S1916	0.86	
S1917	0.86	
S1918	0.86	
S1919	0.86	
S1920	0.85	
S1921	0.85	
S1922	0.85	
S1923	0.85	
S1924	0.85	
S1925	0.84	
S1926	0.84	
S1927	0.83	
S1928	0.83	
S1929	0.82	
S1930	0.82	
S1931	0.81	
S1932	0.81	
S1933	0.81	
S1934	0.81	
S1935	0.81	
S1936	0.8	
S1937	0.8	
S1938	0.8	
S1939	0.8	
S1940	0.8	
S1941	0.8	
S1942	0.8	
S1943	0.8	
S1944	0.8	
S1945	0.8	
S1946	0.79	
S1947	0.79	
S1948	0.79	
S1949	0.79	
S1950	0.76	
S1951	0.75	
S1952	0.75	
S1953	0.75	
S1954	0.75	
S1955	0.75	
S1956	0.75	
S1957	0.75	
S1958	0.75	
S1959	0.75	
S1960	0.75	
S1961	0.74	
S1962	0.74	
S1963	0.74	
S1964	0.74	
S1965	0.74	
S1966	0.74	
S1967	0.74	
S1968	0.74	
S1969	0.74	
S1970	0.74	
S1971	0.74	
S1972	0.74	
S1973	0.74	
S1974	0.74	
S1975	0.74	
S1976	0.74	
S1977	0.74	
S1978	0.74	
S1979	0.72	
S1980	0.7	
S1981	0.7	
S1982	0.7	
S1983	0.69	
S1984	0.69	
S1985	0.69	
S1986	0.69	
S1987	0.69	
S1988	0.69	
S1989	0.69	
S1990	0.68	
S1991	0.68	
S1992	0.68	
S1993	0.68	
S1994	0.68	
S1995	0.68	
S1996	0.68	
S1997	0.67	
S1998	0.66	
S1999	0.64	
S2000	0.63	
S2001	0.63	
S2002	0.63	
S2003	0.63	
S2004	0.63	
S2005	0.63	
S2006	0.63	
S2007	0.63	
S2008	0.63	
S2009	0.63	
S2010	0.63	
S2011	0.63	
S2012	0.62	
S2013	0.62	
S2014	0.62	
S2015	0.62	
S2016	0.62	
S2017	0.61	
S2018	0.58	
S2019	0.57	
S2020	0.57	
S2021	0.57	
S2022	0.57	
S2023	0.57	
S2024	0.57	
S2025	0.57	
S2026	0.57	
S2027	0.53	
S2028	0.52	
S2029	0.52	
S2030	0.52	
S2031	0.52	
S2032	0.51	
S2033	0.51	
S2034	0.51	
S2035	0.51	
S2036	0.51	
S2037	0.46	
S2038	0.46	
S2039	0.46	
S2040	0.45	
S2041	0.41	
S2042	0.4	
S2043	0.4	
S2044	0.4	
S2045	0.34	
S2046	0.29	
